"min","max","avg","stddev"
"349.99","115000.00","34149.994166666667","45747.73685411"
